Designator,Mid X,Mid Y,Layer,Rotation
U1,74.000mm,64.500mm,Top,0
C1,69.200mm,64.100mm,Top,0
R1,78.725mm,65.300mm,Top,0
R2,73.600mm,69.300mm,Top,90
SW1,87.500mm,54.500mm,Top,0
D1,79.368mm,69.978mm,Top,0
D2,81.650mm,76.830mm,Top,90
D3,89.675mm,80.325mm,Top,90
D4,86.020mm,85.935mm,Top,180
D5,79.645mm,81.345mm,Top,180
D6,76.219mm,73.973mm,Top,180
D7,68.272mm,73.969mm,Top,90
D8,64.855mm,81.345mm,Top,90
D9,58.480mm,85.935mm,Top,180
D10,54.825mm,80.325mm,Top,270
D11,62.822mm,76.821mm,Top,180
D12,62.050mm,57.800mm,Top,180
D13,55.250mm,50.150mm,Top,180
D14,48.450mm,44.625mm,Top,90
D15,40.800mm,47.175mm,Top,90
D16,32.300mm,47.175mm,Top,180
D17,23.800mm,45.900mm,Top,180
D18,16.766mm,44.668mm,Top,180
D19,9.659mm,20.396mm,Top,180
D20,9.520mm,6.800mm,Top,270
D21,13.083mm,6.811mm,Top,0
D22,13.430mm,20.400mm,Top,90
D23,17.425mm,30.175mm,Top,270
D24,21.542mm,20.396mm,Top,180
D25,21.420mm,6.800mm,Top,270
D26,24.983mm,6.811mm,Top,0
D27,25.330mm,20.400mm,Top,90
D28,27.991mm,26.579mm,Top,270
D29,34.842mm,26.563mm,Top,270
D30,43.775mm,20.400mm,Top,180
D31,43.775mm,6.800mm,Top,0
D32,47.084mm,6.817mm,Top,0
D33,47.600mm,20.400mm,Top,90
D34,54.825mm,20.400mm,Top,270
D35,54.916mm,6.803mm,Top,270
D36,58.650mm,6.800mm,Top,90
D37,58.340mm,20.390mm,Top,90
D38,57.446mm,36.357mm,Top,0
D39,62.174mm,44.639mm,Top,0
D40,67.551mm,51.213mm,Top,0
D41,79.685mm,53.649mm,Top,270
D42,91.800mm,54.500mm,Top,0
